Name,SuperPhylum,Phylum,Class,Order,Family,RastId,RastNo,Contigs,Size,Species,Shape
Pseudomonas abietaniphila BBQJ01,Pseudomonas,Proteobacteria,Gammaproteobacteria,Pseudomonadales,Pseudomonadaceae,272710,6666666.209919,140,6886250,Pseudomonadales,abietaniphila
Pseudomonas abietaniphila BBQR01,Pseudomonas,Proteobacteria,Gammaproteobacteria,Pseudomonadales,Pseudomonadaceae,277229,6666667.209919,97,6930016,abietaniphila,abietaniphila
Pseudomonas aeruginosa 19br AFXJ01,Pseudomonas,Proteobacteria,Gammaproteobacteria,Pseudomonadales,Pseudomonadaceae,272246,6666668.209919,1,6742964,aeruginosa,aeruginosa
Pseudomonas aeruginosa 3573 JIEN01,Pseudomonas,Proteobacteria,Gammaproteobacteria,Pseudomonadales,Pseudomonadaceae,272892,6666669.209919,78,6269528,aeruginosa,aeruginosa
Pseudomonas aeruginosa atcc 15442 AYUC01,Pseudomonas,Proteobacteria,Gammaproteobacteria,Pseudomonadales,Pseudomonadaceae,274004,6666670.209919,200,6770586,aeruginosa,aeruginosa
Pseudomonas aeruginosa bl17 AXPJ01,Pseudomonas,Proteobacteria,Gammaproteobacteria,Pseudomonadales,Pseudomonadaceae,272327,6666671.209919,18,6865653,aeruginosa,aeruginosa
Pseudomonas aeruginosa bwh058 JIES01,Pseudomonas,Proteobacteria,Gammaproteobacteria,Pseudomonadales,Pseudomonadaceae,274195,6666672.209919,6,6698783,aeruginosa,aeruginosa
Pseudomonas aeruginosa CCVU01,Pseudomonas,Proteobacteria,Gammaproteobacteria,Pseudomonadales,Pseudomonadaceae,272639,6666673.209919,4,7267058,aeruginosa,aeruginosa
Pseudomonas aeruginosa CTFI01,Pseudomonas,Proteobacteria,Gammaproteobacteria,Pseudomonadales,Pseudomonadaceae,272555,6666674.209919,52,6579084,aeruginosa,aeruginosa
Pseudomonas aeruginosa JTUR01,Pseudomonas,Proteobacteria,Gammaproteobacteria,Pseudomonadales,Pseudomonadaceae,274966,6666675.209919,125,6737478,aeruginosa,aeruginosa
Pseudomonas aeruginosa JYGC02,Pseudomonas,Proteobacteria,Gammaproteobacteria,Pseudomonadales,Pseudomonadaceae,277746,6666676.209919,24,6730817,aeruginosa,aeruginosa
Pseudomonas aeruginosa LFMQ01,Pseudomonas,Proteobacteria,Gammaproteobacteria,Pseudomonadales,Pseudomonadaceae,274056,6666677.209919,22,6899762,aeruginosa,aeruginosa
Pseudomonas aeruginosa LFMR01,Pseudomonas,Proteobacteria,Gammaproteobacteria,Pseudomonadales,Pseudomonadaceae,277695,6666678.209919,16,6924697,aeruginosa,aeruginosa
Pseudomonas aeruginosa mpao1/p1 AHKM01,Pseudomonas,Proteobacteria,Gammaproteobacteria,Pseudomonadales,Pseudomonadaceae,272920,6666679.209919,140,6260813,aeruginosa,aeruginosa
Pseudomonas aeruginosa PAO1 NC_002516.2,Pseudomonas,Proteobacteria,Gammaproteobacteria,Pseudomonadales,Pseudomonadaceae,216812,6666680.209919,1,6264404,aeruginosa,aeruginosa
Pseudomonas aeruginosa sg17m JALF01,Pseudomonas,Proteobacteria,Gammaproteobacteria,Pseudomonadales,Pseudomonadaceae,274138,6666681.209919,17,6876775,aeruginosa,aeruginosa
Pseudomonas aeruginosa str. Stone 130 AQFN01,Pseudomonas,Proteobacteria,Gammaproteobacteria,Pseudomonadales,Pseudomonadaceae,216798,6666682.209919,47,7433566,aeruginosa,aeruginosa
Pseudomonas aestusnigri VGXO14,Pseudomonas,Proteobacteria,Gammaproteobacteria,Pseudomonadales,Pseudomonadaceae,530308,6666683.209919,68,3816846,aestusnigri,aestusnigri
Pseudomonas agarici ncppb 2289 AKBQ01,Pseudomonas,Proteobacteria,Gammaproteobacteria,Pseudomonadales,Pseudomonadaceae,277032,6666684.209919,699,5449067,agarici,agarici
Pseudomonas alcaligenes mry13-0052 BATO01,Pseudomonas,Proteobacteria,Gammaproteobacteria,Pseudomonadales,Pseudomonadaceae,272563,6666685.209919,237,6876944,alcaligenes,alcaligenes
Pseudomonas alcaligenes nbrc 14159 BATI01,Pseudomonas,Proteobacteria,Gammaproteobacteria,Pseudomonadales,Pseudomonadaceae,272233,6666686.209919,122,4823390,alcaligenes,alcaligenes
Pseudomonas alcaliphila 34 ANGB01,Pseudomonas,Proteobacteria,Gammaproteobacteria,Pseudomonadales,Pseudomonadaceae,272411,6666687.209919,18,5428961,alcaliphila,alcaliphila
Pseudomonas alkylphenolia KL28,Pseudomonas,Proteobacteria,Gammaproteobacteria,Pseudomonadales,Pseudomonadaceae,216917,6666688.209919,1,5764622,alkylphenolia,alkylphenolia
Pseudomonas amygdali JYHB01,Pseudomonas,Proteobacteria,Gammaproteobacteria,Pseudomonadales,Pseudomonadaceae,272821,6666689.209919,343,5719246,amygdali,amygdali
Pseudomonas amygdali pv. Dendropanacis JYHG01,Pseudomonas,Proteobacteria,Gammaproteobacteria,Pseudomonadales,Pseudomonadaceae,272735,6666690.209919,247,5739983,amygdali,amygdali
Pseudomonas amygdali pv. Lachrymans LCWT01,Pseudomonas,Proteobacteria,Gammaproteobacteria,Pseudomonadales,Pseudomonadaceae,274256,6666691.209919,69,6276659,amygdali,amygdali
Pseudomonas amygdali pv. Tabaci str. Atcc 11528 LCWS01,Pseudomonas,Proteobacteria,Gammaproteobacteria,Pseudomonadales,Pseudomonadaceae,272527,6666692.209919,18,6129081,amygdali,amygdali
Pseudomonas avellanae bpic 631 ATDK01,Pseudomonas,Proteobacteria,Gammaproteobacteria,Pseudomonadales,Pseudomonadaceae,277107,6666693.209919,611,5962738,avellanae,avellanae
Pseudomonas avellanae crafrued2 AYRI01,Pseudomonas,Proteobacteria,Gammaproteobacteria,Pseudomonadales,Pseudomonadaceae,273837,6666694.209919,509,5651761,avellanae,avellanae
Pseudomonas avellanae JYHC01,Pseudomonas,Proteobacteria,Gammaproteobacteria,Pseudomonadales,Pseudomonadaceae,274197,6666695.209919,455,5901785,avellanae,avellanae
Pseudomonas azotifigens dsm 17556 AUDU01,Pseudomonas,Proteobacteria,Gammaproteobacteria,Pseudomonadales,Pseudomonadaceae,277103,6666696.209919,97,4997454,azotifigens,azotifigens
Pseudomonas balearica DSM_6083,Pseudomonas,Proteobacteria,Gammaproteobacteria,Pseudomonadales,Pseudomonadaceae,530278,6666697.209919,1,4383480,balearica,balearica
Pseudomonas batumici JXDG01,Pseudomonas,Proteobacteria,Gammaproteobacteria,Pseudomonadales,Pseudomonadaceae,272826,6666698.209919,126,6606796,batumici,batumici
Pseudomonas benzenivorans DSM 8628,Pseudomonas,Proteobacteria,Gammaproteobacteria,Pseudomonadales,Pseudomonadaceae,530311,6666699.209919,47,5742844,benzenivorans,benzenivorans
Pseudomonas borbori DSM17834,Pseudomonas,Proteobacteria,Gammaproteobacteria,Pseudomonadales,Pseudomonadaceae,530322,6666700.209919,100,5267908,borbori,borbori
Pseudomonas brassicacearum 51mfcvi2.1 AZOC01,Pseudomonas,Proteobacteria,Gammaproteobacteria,Pseudomonadales,Pseudomonadaceae,277190,6666701.209919,64,6564125,brassicacearum,brassicacearum
Pseudomonas brassicacearum JBON01,Pseudomonas,Proteobacteria,Gammaproteobacteria,Pseudomonadales,Pseudomonadaceae,272141,6666702.209919,53,6739382,brassicacearum,brassicacearum
Pseudomonas brassicacearum NZ_CP007410.1,Pseudomonas,Proteobacteria,Gammaproteobacteria,Pseudomonadales,Pseudomonadaceae,216912,6666703.209919,1,6652396,brassicacearum,brassicacearum
Pseudomonas brassicacearum subsp. brassicacearum NFM421 NC_015379.1,Pseudomonas,Proteobacteria,Gammaproteobacteria,Pseudomonadales,Pseudomonadaceae,216824,6666704.209919,1,6843248,brassicacearum,brassicacearum
Pseudomonas caeni dsm 24390 ATXQ01,Pseudomonas,Proteobacteria,Gammaproteobacteria,Pseudomonadales,Pseudomonadaceae,272544,6666705.209919,24,3022325,caeni,caeni
Pseudomonas chloritidismutans aw-1 AOFQ01,Pseudomonas,Proteobacteria,Gammaproteobacteria,Pseudomonadales,Pseudomonadaceae,277089,6666706.209919,77,5056349,chloritidismutans,chloritidismutans
Pseudomonas chlororaphis HT66 ATBG01,Pseudomonas,Proteobacteria,Gammaproteobacteria,Pseudomonadales,Pseudomonadaceae,216885,6666707.209919,50,7298618,chlororaphis,chlororaphis
Pseudomonas chlororaphis NZ_CP008696.1,Pseudomonas,Proteobacteria,Gammaproteobacteria,Pseudomonadales,Pseudomonadaceae,216915,6666708.209919,1,7122173,chlororaphis,chlororaphis
Pseudomonas chlororaphis subsp. aurantiaca PB-St2 AYUD01,Pseudomonas,Proteobacteria,Gammaproteobacteria,Pseudomonadales,Pseudomonadaceae,216850,6666709.209919,23,6590922,chlororaphis,chlororaphis
Pseudomonas chlororaphis subsp. Aureofaciens 30-84 AHHJ01,Pseudomonas,Proteobacteria,Gammaproteobacteria,Pseudomonadales,Pseudomonadaceae,273350,6666710.209919,13,6665021,chlororaphis,chlororaphis
Pseudomonas chlororaphis subsp. Chlororaphis gp72 AHAY01,Pseudomonas,Proteobacteria,Gammaproteobacteria,Pseudomonadales,Pseudomonadaceae,272313,6666711.209919,347,6629881,chlororaphis,chlororaphis
Pseudomonas chlororaphis UFB2,Pseudomonas,Proteobacteria,Gammaproteobacteria,Pseudomonadales,Pseudomonadaceae,319315,6666712.209919,1,6360256,chlororaphis,chlororaphis
Pseudomonas cichorii JBC1 NZ_CP007039.1,Pseudomonas,Proteobacteria,Gammaproteobacteria,Pseudomonadales,Pseudomonadaceae,216913,6666713.209919,1,5986012,cichorii,cichorii
Pseudomonas citronellolis SJTE-3,Pseudomonas,Proteobacteria,Gammaproteobacteria,Pseudomonadales,Pseudomonadaceae,530279,6666714.209919,1,7309421,citronellolis,citronellolis
Pseudomonas coronafaciens JSED01,Pseudomonas,Proteobacteria,Gammaproteobacteria,Pseudomonadales,Pseudomonadaceae,275159,6666715.209919,1981,5475106,coronafaciens,coronafaciens
Pseudomonas corrugata cfbp 5454 ATKI01,Pseudomonas,Proteobacteria,Gammaproteobacteria,Pseudomonadales,Pseudomonadaceae,273963,6666716.209919,157,6193893,corrugata,corrugata
Pseudomonas cremoricolorata NZ_CP009455.1,Pseudomonas,Proteobacteria,Gammaproteobacteria,Pseudomonadales,Pseudomonadaceae,216910,6666717.209919,1,4780403,cremoricolorata,cremoricolorata
Pseudomonas deceptionensis JYKX01,Pseudomonas,Proteobacteria,Gammaproteobacteria,Pseudomonadales,Pseudomonadaceae,272442,6666718.209919,15,5052933,deceptionensis,deceptionensis
Pseudomonas denitrificans ATCC 13867 NC_020829,Pseudomonas,Proteobacteria,Gammaproteobacteria,Pseudomonadales,Pseudomonadaceae,216793,6666719.209919,1,5696307,denitrificans,denitrificans
Pseudomonas denitrificans JVFY01,Pseudomonas,Proteobacteria,Gammaproteobacteria,Pseudomonadales,Pseudomonadaceae,274033,6666720.209919,62,6408737,denitrificans,denitrificans
Pseudomonas denitrificans JVSJ01,Pseudomonas,Proteobacteria,Gammaproteobacteria,Pseudomonadales,Pseudomonadaceae,274243,6666721.209919,80,6339050,denitrificans,denitrificans
Pseudomonas extremaustralis 14-3 substr. 14-3b AHIP01,Pseudomonas,Proteobacteria,Gammaproteobacteria,Pseudomonadales,Pseudomonadaceae,272108,6666722.209919,135,6586244,extremaustralis,extremaustralis
Pseudomonas flexibilis ATCC 29606,Pseudomonas,Proteobacteria,Gammaproteobacteria,Pseudomonadales,Pseudomonadaceae,530294,6666723.209919,49,3762694,flexibilis,flexibilis
Pseudomonas fluorescens F113 NC_016830.1,Pseudomonas,Proteobacteria,Gammaproteobacteria,Pseudomonadales,Pseudomonadaceae,216814,6666724.209919,1,6845832,fluorescens,fluorescens
Pseudomonas fluorescens LCYW01,Pseudomonas,Proteobacteria,Gammaproteobacteria,Pseudomonadales,Pseudomonadaceae,277676,6666725.209919,56,4834154,fluorescens,fluorescens
Pseudomonas fluorescens pf0-1,Pseudomonas,Proteobacteria,Gammaproteobacteria,Pseudomonadales,Pseudomonadaceae,311079,6666726.209919,1,6438405,fluorescens,fluorescens
Pseudomonas fluorescens Q2-87 NZ_CM001558.1,Pseudomonas,Proteobacteria,Gammaproteobacteria,Pseudomonadales,Pseudomonadaceae,216839,6666727.209919,1,6368168,fluorescens,fluorescens
Pseudomonas fluorescens q8r1-96 AHPO01,Pseudomonas,Proteobacteria,Gammaproteobacteria,Pseudomonadales,Pseudomonadaceae,272147,6666728.209919,5,6602111,fluorescens,fluorescens
Pseudomonas fluorescens SBW25 NC_012660.1,Pseudomonas,Proteobacteria,Gammaproteobacteria,Pseudomonadales,Pseudomonadaceae,216819,6666729.209919,1,6722539,fluorescens,fluorescens
Pseudomonas fluorescens wayne1 CADW01,Pseudomonas,Proteobacteria,Gammaproteobacteria,Pseudomonadales,Pseudomonadaceae,272796,6666730.209919,337,6815803,fluorescens,fluorescens
Pseudomonas fluorescens wayne1 CADX01,Pseudomonas,Proteobacteria,Gammaproteobacteria,Pseudomonadales,Pseudomonadaceae,273783,6666731.209919,90,6858374,fluorescens,fluorescens
Pseudomonas formosensis JCM 18415,Pseudomonas,Proteobacteria,Gammaproteobacteria,Pseudomonadales,Pseudomonadaceae,530563,6666732.209919,35,3439889,formosensis,formosensis
Pseudomonas fragi a22 AHZY01,Pseudomonas,Proteobacteria,Gammaproteobacteria,Pseudomonadales,Pseudomonadaceae,273702,6666733.209919,114,5061208,fragi,fragi
Pseudomonas fragi A22 AHZY01,Pseudomonas,Proteobacteria,Gammaproteobacteria,Pseudomonadales,Pseudomonadaceae,216832,6666734.209919,114,5061208,fragi,fragi
Pseudomonas frederiksbergensis JQGJ02,Pseudomonas,Proteobacteria,Gammaproteobacteria,Pseudomonadales,Pseudomonadaceae,272116,6666735.209919,65,6569267,frederiksbergensis,frederiksbergensis
Pseudomonas fulva 12-X NC_015556.1,Pseudomonas,Proteobacteria,Gammaproteobacteria,Pseudomonadales,Pseudomonadaceae,216821,6666736.209919,1,4920769,fulva,fulva
Pseudomonas fulva JXQW01,Pseudomonas,Proteobacteria,Gammaproteobacteria,Pseudomonadales,Pseudomonadaceae,273874,6666737.209919,125,5891415,fulva,fulva
Pseudomonas fulva nbrc 16637 = dsm 17717 BBIQ01,Pseudomonas,Proteobacteria,Gammaproteobacteria,Pseudomonadales,Pseudomonadaceae,274021,6666738.209919,46,4768229,fulva,fulva
Pseudomonas fuscovaginae cb98818 ALAQ01,Pseudomonas,Proteobacteria,Gammaproteobacteria,Pseudomonadales,Pseudomonadaceae,274062,6666739.209919,261,6541075,fuscovaginae,fuscovaginae
Pseudomonas fuscovaginae se-1 AQOH01,Pseudomonas,Proteobacteria,Gammaproteobacteria,Pseudomonadales,Pseudomonadaceae,273675,6666740.209919,407,6525804,fuscovaginae,fuscovaginae
Pseudomonas fuscovaginae upb0736 AIEU01,Pseudomonas,Proteobacteria,Gammaproteobacteria,Pseudomonadales,Pseudomonadaceae,273693,6666741.209919,273,6350233,fuscovaginae,fuscovaginae
Pseudomonas gingeri ncppb 3146 AKBP01,Pseudomonas,Proteobacteria,Gammaproteobacteria,Pseudomonadales,Pseudomonadaceae,272794,6666742.209919,1036,7571741,gingeri,gingeri
Pseudomonas guangdongensis CCTCC2012022,Pseudomonas,Proteobacteria,Gammaproteobacteria,Pseudomonadales,Pseudomonadaceae,530288,6666743.209919,1,3191054,guangdongensis,guangdongensis
Pseudomonas guineae LMG 24016,Pseudomonas,Proteobacteria,Gammaproteobacteria,Pseudomonadales,Pseudomonadaceae,530316,6666744.209919,11,4149427,guineae,guineae
Pseudomonas hussainii JCM 19513,Pseudomonas,Proteobacteria,Gammaproteobacteria,Pseudomonadales,Pseudomonadaceae,530315,6666745.209919,47,3680748,hussainii,hussainii
Pseudomonas indica NBRC 103045,Pseudomonas,Proteobacteria,Gammaproteobacteria,Pseudomonadales,Pseudomonadaceae,530304,6666746.209919,1,549101,indica,indica
Pseudomonas japonica nbrc 103040 = dsm 22348 BBIR01,Pseudomonas,Proteobacteria,Gammaproteobacteria,Pseudomonadales,Pseudomonadaceae,274170,6666747.209919,162,6663130,japonica,japonica
Pseudomonas jinjuensis JCM 21621,Pseudomonas,Proteobacteria,Gammaproteobacteria,Pseudomonadales,Pseudomonadaceae,530313,6666748.209919,35,5867454,jinjuensis,jinjuensis
Pseudomonas kilonensis JZXC01,Pseudomonas,Proteobacteria,Gammaproteobacteria,Pseudomonadales,Pseudomonadaceae,273865,6666749.209919,73,6843717,kilonensis,kilonensis
Pseudomonas knackmussi B13,Pseudomonas,Proteobacteria,Gammaproteobacteria,Pseudomonadales,Pseudomonadaceae,216918,6666750.209919,1,6162905,knackmussi,knackmussi
Pseudomonas lini JYLB01,Pseudomonas,Proteobacteria,Gammaproteobacteria,Pseudomonadales,Pseudomonadaceae,272410,6666751.209919,26,6495504,lini,lini
Pseudomonas litoralis 2SM5,Pseudomonas,Proteobacteria,Gammaproteobacteria,Pseudomonadales,Pseudomonadaceae,530282,6666752.209919,1,3987842,litoralis,litoralis
Pseudomonas lundensis JYKY01,Pseudomonas,Proteobacteria,Gammaproteobacteria,Pseudomonadales,Pseudomonadaceae,272482,6666753.209919,92,4992502,lundensis,lundensis
Pseudomonas lutea JRMB01,Pseudomonas,Proteobacteria,Gammaproteobacteria,Pseudomonadales,Pseudomonadaceae,272452,6666754.209919,5,5647497,lutea,lutea
Pseudomonas luteola xldn4-9 ALAT01,Pseudomonas,Proteobacteria,Gammaproteobacteria,Pseudomonadales,Pseudomonadaceae,272863,6666755.209919,231,4626799,luteola,luteola
Pseudomonas mandelii 36mfcvi1.1 ARLP01,Pseudomonas,Proteobacteria,Gammaproteobacteria,Pseudomonadales,Pseudomonadaceae,277114,6666756.209919,35,6551619,mandelii,mandelii
Pseudomonas mandelii JR-1 AJFM01,Pseudomonas,Proteobacteria,Gammaproteobacteria,Pseudomonadales,Pseudomonadaceae,216830,6666757.209919,96,7134873,mandelii,mandelii
Pseudomonas mandelii pd30 AZQQ01,Pseudomonas,Proteobacteria,Gammaproteobacteria,Pseudomonadales,Pseudomonadaceae,272761,6666758.209919,110,6691076,mandelii,mandelii
Pseudomonas marincola JCM 14761,Pseudomonas,Proteobacteria,Gammaproteobacteria,Pseudomonadales,Pseudomonadaceae,530564,6666759.209919,35,5020594,marincola,marincola
Pseudomonas massiliensis CB1,Pseudomonas,Proteobacteria,Gammaproteobacteria,Pseudomonadales,Pseudomonadaceae,530301,6666760.209919,7,4723534,massiliensis,massiliensis
Pseudomonas mediterranea cfbp 5447 AUPB01,Pseudomonas,Proteobacteria,Gammaproteobacteria,Pseudomonadales,Pseudomonadaceae,277101,6666761.209919,43,6308729,mediterranea,mediterranea
Pseudomonas meliae JYHE01,Pseudomonas,Proteobacteria,Gammaproteobacteria,Pseudomonadales,Pseudomonadaceae,274143,6666762.209919,360,5143641,meliae,meliae
Pseudomonas mendocina dlhk ALKM01,Pseudomonas,Proteobacteria,Gammaproteobacteria,Pseudomonadales,Pseudomonadaceae,274001,6666763.209919,33,5072093,mendocina,mendocina
Pseudomonas mendocina egd-aq5 AVQF01,Pseudomonas,Proteobacteria,Gammaproteobacteria,Pseudomonadales,Pseudomonadaceae,277110,6666764.209919,19,5225569,mendocina,mendocina
Pseudomonas mendocina JOVT01,Pseudomonas,Proteobacteria,Gammaproteobacteria,Pseudomonadales,Pseudomonadaceae,274005,6666765.209919,7,5431602,mendocina,mendocina
Pseudomonas mendocina ymp NC_009439.1,Pseudomonas,Proteobacteria,Gammaproteobacteria,Pseudomonadales,Pseudomonadaceae,216864,6666766.209919,1,5072807,mendocina,mendocina
Pseudomonas monteilii NBRC 103158 = DSM 14164 JHYV01,Pseudomonas,Proteobacteria,Gammaproteobacteria,Pseudomonadales,Pseudomonadaceae,216799,6666767.209919,86,6308428,monteilii,monteilii
Pseudomonas monteilii QM AHGZ01,Pseudomonas,Proteobacteria,Gammaproteobacteria,Pseudomonadales,Pseudomonadaceae,216815,6666768.209919,278,5763138,monteilii,monteilii
Pseudomonas monteilii SB3078 NC_023075.1,Pseudomonas,Proteobacteria,Gammaproteobacteria,Pseudomonadales,Pseudomonadaceae,216833,6666769.209919,1,6000087,monteilii,monteilii
Pseudomonas moraviensis r28-s AYMZ01,Pseudomonas,Proteobacteria,Gammaproteobacteria,Pseudomonadales,Pseudomonadaceae,272239,6666770.209919,13,6303723,moraviensis,moraviensis
Pseudomonas mosselii dsm 17497 JHYW01,Pseudomonas,Proteobacteria,Gammaproteobacteria,Pseudomonadales,Pseudomonadaceae,277290,6666771.209919,59,6255184,mosselii,mosselii
Pseudomonas nitroreducens HBP1 AZRU01,Pseudomonas,Proteobacteria,Gammaproteobacteria,Pseudomonadales,Pseudomonadaceae,216823,6666772.209919,212,7408198,nitroreducens,nitroreducens
Pseudomonas nitroreducens JUEH01,Pseudomonas,Proteobacteria,Gammaproteobacteria,Pseudomonadales,Pseudomonadaceae,272922,6666773.209919,91,7333675,nitroreducens,nitroreducens
Pseudomonas oleovorans JNHE01,Pseudomonas,Proteobacteria,Gammaproteobacteria,Pseudomonadales,Pseudomonadaceae,272503,6666774.209919,105,5201587,oleovorans,oleovorans
Pseudomonas oleovorans MOIL14HWK12 AZOB01,Pseudomonas,Proteobacteria,Gammaproteobacteria,Pseudomonadales,Pseudomonadaceae,216834,6666775.209919,19,5003883,oleovorans,oleovorans
Pseudomonas oryzae KCTC32247,Pseudomonas,Proteobacteria,Gammaproteobacteria,Pseudomonadales,Pseudomonadaceae,530280,6666776.209919,1,4642093,oryzae,oryzae
Pseudomonas oryzihabitans nbrc 102199 BBIT01,Pseudomonas,Proteobacteria,Gammaproteobacteria,Pseudomonadales,Pseudomonadaceae,277161,6666777.209919,34,5027590,oryzihabitans,oryzihabitans
Pseudomonas otitidis JGYF01,Pseudomonas,Proteobacteria,Gammaproteobacteria,Pseudomonadales,Pseudomonadaceae,272758,6666778.209919,80,6296878,otitidis,otitidis
Pseudomonas pachastrellae JCM 12285,Pseudomonas,Proteobacteria,Gammaproteobacteria,Pseudomonadales,Pseudomonadaceae,530318,6666779.209919,59,3933345,pachastrellae,pachastrellae
Pseudomonas parafulva DSM 17004 AUEB01,Pseudomonas,Proteobacteria,Gammaproteobacteria,Pseudomonadales,Pseudomonadaceae,216826,6666780.209919,40,4950980,parafulva,parafulva
Pseudomonas parafulva LAWW01,Pseudomonas,Proteobacteria,Gammaproteobacteria,Pseudomonadales,Pseudomonadaceae,273945,6666781.209919,23,5119844,parafulva,parafulva
Pseudomonas parafulva nbrc 16636 = dsm 17004 AUEB01,Pseudomonas,Proteobacteria,Gammaproteobacteria,Pseudomonadales,Pseudomonadaceae,273144,6666782.209919,40,4950980,parafulva,parafulva
Pseudomonas pelagia cl-ap6 AROI01,Pseudomonas,Proteobacteria,Gammaproteobacteria,Pseudomonadales,Pseudomonadaceae,273650,6666783.209919,81,4642307,pelagia,pelagia
Pseudomonas plecoglossicida JOJY01,Pseudomonas,Proteobacteria,Gammaproteobacteria,Pseudomonadales,Pseudomonadaceae,274904,6666784.209919,22,6209226,plecoglossicida,plecoglossicida
Pseudomonas plecoglossicida nb2011 ASJX01,Pseudomonas,Proteobacteria,Gammaproteobacteria,Pseudomonadales,Pseudomonadaceae,273996,6666785.209919,87,5413273,plecoglossicida,plecoglossicida
Pseudomonas plecoglossicida nbrc 103162 = dsm 15088 BBIV01,Pseudomonas,Proteobacteria,Gammaproteobacteria,Pseudomonadales,Pseudomonadaceae,272342,6666786.209919,97,5341796,plecoglossicida,plecoglossicida
Pseudomonas poae RE*1-1-14 NC_020209,Pseudomonas,Proteobacteria,Gammaproteobacteria,Pseudomonadales,Pseudomonadaceae,216894,6666787.209919,1,5512241,poae,poae
Pseudomonas pohangensis DSM 17875,Pseudomonas,Proteobacteria,Gammaproteobacteria,Pseudomonadales,Pseudomonadaceae,530289,6666788.209919,1,3769589,pohangensis,pohangensis
Pseudomonas protegens Cab57,Pseudomonas,Proteobacteria,Gammaproteobacteria,Pseudomonadales,Pseudomonadaceae,300450,6666789.209919,1,6827892,protegens,protegens
Pseudomonas protegens CHA0,Pseudomonas,Proteobacteria,Gammaproteobacteria,Pseudomonadales,Pseudomonadaceae,232473,6666790.209919,1,6867980,protegens,protegens
Pseudomonas protegens JVPC01,Pseudomonas,Proteobacteria,Gammaproteobacteria,Pseudomonadales,Pseudomonadaceae,274059,6666791.209919,110,6471889,protegens,protegens
Pseudomonas protegens Pf5,Pseudomonas,Proteobacteria,Gammaproteobacteria,Pseudomonadales,Pseudomonadaceae,300442,6666792.209919,1,7074893,protegens,protegens
Pseudomonas pseudoalcaligenes ad6 JFJN01,Pseudomonas,Proteobacteria,Gammaproteobacteria,Pseudomonadales,Pseudomonadaceae,277281,6666793.209919,198,5392257,pseudoalcaligenes,pseudoalcaligenes
Pseudomonas pseudoalcaligenes JTFL01,Pseudomonas,Proteobacteria,Gammaproteobacteria,Pseudomonadales,Pseudomonadaceae,272580,6666794.209919,133,6889649,pseudoalcaligenes,pseudoalcaligenes
Pseudomonas psychrophila JYKZ01,Pseudomonas,Proteobacteria,Gammaproteobacteria,Pseudomonadales,Pseudomonadaceae,272426,6666795.209919,126,5334010,psychrophila,psychrophila
Pseudomonas psychrophila LBHT01,Pseudomonas,Proteobacteria,Gammaproteobacteria,Pseudomonadales,Pseudomonadaceae,277683,6666796.209919,150,5269174,psychrophila,psychrophila
Pseudomonas psychrotolerans l19 AHBD01,Pseudomonas,Proteobacteria,Gammaproteobacteria,Pseudomonadales,Pseudomonadaceae,277009,6666797.209919,53,5100236,psychrotolerans,psychrotolerans
Pseudomonas putida H8234 NC_021491.1,Pseudomonas,Proteobacteria,Gammaproteobacteria,Pseudomonadales,Pseudomonadaceae,216838,6666798.209919,1,6870827,putida,putida
Pseudomonas putida KT2440,Pseudomonas,Proteobacteria,Gammaproteobacteria,Pseudomonadales,Pseudomonadaceae,529899,6666799.209919,1,6181873,putida,putida
Pseudomonas putida NZ_CP007620.1,Pseudomonas,Proteobacteria,Gammaproteobacteria,Pseudomonadales,Pseudomonadaceae,216914,6666800.209919,1,6484062,putida,putida
Pseudomonas putida OUS82 AZBL01,Pseudomonas,Proteobacteria,Gammaproteobacteria,Pseudomonadales,Pseudomonadaceae,216827,6666801.209919,164,6633308,putida,putida
Pseudomonas putida sjte-1 AKCL01,Pseudomonas,Proteobacteria,Gammaproteobacteria,Pseudomonadales,Pseudomonadaceae,272340,6666802.209919,207,5551505,putida,putida
Pseudomonas putida uwc1 CDLQ01,Pseudomonas,Proteobacteria,Gammaproteobacteria,Pseudomonadales,Pseudomonadaceae,272919,6666803.209919,2,143197,putida,putida
Pseudomonas resinovorans dsm 21078 AUIE01,Pseudomonas,Proteobacteria,Gammaproteobacteria,Pseudomonadales,Pseudomonadaceae,273968,6666804.209919,59,6023887,resinovorans,resinovorans
Pseudomonas resinovorans NBRC 106553 NC_021499.1,Pseudomonas,Proteobacteria,Gammaproteobacteria,Pseudomonadales,Pseudomonadaceae,216848,6666805.209919,1,6285863,resinovorans,resinovorans
Pseudomonas rhizosphaerae DSM 16299,Pseudomonas,Proteobacteria,Gammaproteobacteria,Pseudomonadales,Pseudomonadaceae,216916,6666806.209919,1,4688635,rhizosphaerae,rhizosphaerae
Pseudomonas rhodesiae CCYI01,Pseudomonas,Proteobacteria,Gammaproteobacteria,Pseudomonadales,Pseudomonadaceae,277175,6666807.209919,14,6050063,rhodesiae,rhodesiae
Pseudomonas sabulinigri JCM 14963,Pseudomonas,Proteobacteria,Gammaproteobacteria,Pseudomonadales,Pseudomonadaceae,530283,6666808.209919,1,4030103,sabulinigri,sabulinigri
Pseudomonas salegens CECT8338,Pseudomonas,Proteobacteria,Gammaproteobacteria,Pseudomonadales,Pseudomonadaceae,530287,6666809.209919,1,3796005,salegens,salegens
Pseudomonas saudiphocaensis BN20,Pseudomonas,Proteobacteria,Gammaproteobacteria,Pseudomonadales,Pseudomonadaceae,530290,6666810.209919,1,3673759,saudiphocaensis,saudiphocaensis
Pseudomonas savastanoi pv. Glycinea str. B076 AEGG01,Pseudomonas,Proteobacteria,Gammaproteobacteria,Pseudomonadales,Pseudomonadaceae,273686,6666811.209919,104,6236653,savastanoi,savastanoi
Pseudomonas savastanoi pv. Savastanoi JYHF01,Pseudomonas,Proteobacteria,Gammaproteobacteria,Pseudomonadales,Pseudomonadaceae,272840,6666812.209919,247,6071765,savastanoi,savastanoi
Pseudomonas simiae JRMC01,Pseudomonas,Proteobacteria,Gammaproteobacteria,Pseudomonadales,Pseudomonadaceae,273768,6666813.209919,21,6395623,simiae,simiae
Pseudomonas simiae JXQT01,Pseudomonas,Proteobacteria,Gammaproteobacteria,Pseudomonadales,Pseudomonadaceae,273920,6666814.209919,44,6105492,simiae,simiae
Pseudomonas simiae NZ_CP007637.1,Pseudomonas,Proteobacteria,Gammaproteobacteria,Pseudomonadales,Pseudomonadaceae,216911,6666815.209919,1,6169071,simiae,simiae
pseudomonas sp 81,Pseudomonas,Proteobacteria,Gammaproteobacteria,Pseudomonadales,Pseudomonadaceae,201120,6666816.209919,36,6984202,sp,sp
Pseudomonas sp 91RF,Pseudomonas,Proteobacteria,Gammaproteobacteria,Pseudomonadales,Pseudomonadaceae,289736,6666817.209919,59,6446493,sp,sp
Pseudomonas sp RAt148,Pseudomonas,Proteobacteria,Gammaproteobacteria,Pseudomonadales,Pseudomonadaceae,509855,6666818.209919,167,4148257,sp,sp
Pseudomonas sp RIT-PI-r,Pseudomonas,Proteobacteria,Gammaproteobacteria,Pseudomonadales,Pseudomonadaceae,311083,6666819.209919,49,6518981,sp,sp
Pseudomonas sp RIT288,Pseudomonas,Proteobacteria,Gammaproteobacteria,Pseudomonadales,Pseudomonadaceae,311084,6666820.209919,44,6273290,sp,sp
Pseudomonas sp. 11-1,Pseudomonas,Proteobacteria,Gammaproteobacteria,Pseudomonadales,Pseudomonadaceae,201174,6666821.209919,74,5400177,sp,sp.
Pseudomonas sp. 20_bn CCSF01,Pseudomonas,Proteobacteria,Gammaproteobacteria,Pseudomonadales,Pseudomonadaceae,272367,6666822.209919,1,3673759,sp,sp.
Pseudomonas sp. 201,Pseudomonas,Proteobacteria,Gammaproteobacteria,Pseudomonadales,Pseudomonadaceae,201173,6666823.209919,102,7212146,sp,sp.
Pseudomonas sp. 9-1,Pseudomonas,Proteobacteria,Gammaproteobacteria,Pseudomonadales,Pseudomonadaceae,201175,6666824.209919,32,6986328,sp,sp.
Pseudomonas sp. B1,Pseudomonas,Proteobacteria,Gammaproteobacteria,Pseudomonadales,Pseudomonadaceae,201179,6666825.209919,89,5452342,sp,sp.
Pseudomonas sp. B11,Pseudomonas,Proteobacteria,Gammaproteobacteria,Pseudomonadales,Pseudomonadaceae,201176,6666826.209919,75,6975426,sp,sp.
Pseudomonas sp. B12,Pseudomonas,Proteobacteria,Gammaproteobacteria,Pseudomonadales,Pseudomonadaceae,201166,6666827.209919,27,6989437,sp,sp.
Pseudomonas sp. B14,Pseudomonas,Proteobacteria,Gammaproteobacteria,Pseudomonadales,Pseudomonadaceae,201180,6666828.209919,37,6984738,sp,sp.
Pseudomonas sp. B15,Pseudomonas,Proteobacteria,Gammaproteobacteria,Pseudomonadales,Pseudomonadaceae,201177,6666829.209919,116,5495313,sp,sp.
Pseudomonas sp. B19,Pseudomonas,Proteobacteria,Gammaproteobacteria,Pseudomonadales,Pseudomonadaceae,201178,6666830.209919,38,6985200,sp,sp.
Pseudomonas sp. Cfii64 ATLO01,Pseudomonas,Proteobacteria,Gammaproteobacteria,Pseudomonadales,Pseudomonadaceae,273890,6666831.209919,54,6415949,sp,sp.
Pseudomonas sp. Dsm 29165 JYLD01,Pseudomonas,Proteobacteria,Gammaproteobacteria,Pseudomonadales,Pseudomonadaceae,272389,6666832.209919,37,5676287,sp,sp.
Pseudomonas sp. P179 AQFO01,Pseudomonas,Proteobacteria,Gammaproteobacteria,Pseudomonadales,Pseudomonadaceae,272628,6666833.209919,51,6803956,sp,sp.
Pseudomonas sp. Rit357 JFYX01,Pseudomonas,Proteobacteria,Gammaproteobacteria,Pseudomonadales,Pseudomonadaceae,273830,6666834.209919,49,6178468,sp,sp.
Pseudomonas sp. Uril14hwk12i4 AXXQ01,Pseudomonas,Proteobacteria,Gammaproteobacteria,Pseudomonadales,Pseudomonadaceae,272917,6666835.209919,31,5816732,sp,sp.
Pseudomonas sp. Wcs358 JMIT01,Pseudomonas,Proteobacteria,Gammaproteobacteria,Pseudomonadales,Pseudomonadaceae,274252,6666836.209919,8,5940443,sp,sp.
Pseudomonas stutzeri b1smn1 AMVM01,Pseudomonas,Proteobacteria,Gammaproteobacteria,Pseudomonadales,Pseudomonadaceae,272610,6666837.209919,78,5318847,stutzeri,stutzeri
Pseudomonas stutzeri CCUG 29243 NC_018028.1,Pseudomonas,Proteobacteria,Gammaproteobacteria,Pseudomonadales,Pseudomonadaceae,216851,6666838.209919,1,4709064,stutzeri,stutzeri
Pseudomonas stutzeri JYHV01,Pseudomonas,Proteobacteria,Gammaproteobacteria,Pseudomonadales,Pseudomonadaceae,272351,6666839.209919,47,4898564,stutzeri,stutzeri
Pseudomonas stutzeri KOS6 AMCZ02,Pseudomonas,Proteobacteria,Gammaproteobacteria,Pseudomonadales,Pseudomonadaceae,216801,6666840.209919,91,4855881,stutzeri,stutzeri
Pseudomonas synxantha bg33r AHPP01,Pseudomonas,Proteobacteria,Gammaproteobacteria,Pseudomonadales,Pseudomonadaceae,273947,6666841.209919,2,6297295,synxantha,synxantha
Pseudomonas syringae brip39023 AMZX01,Pseudomonas,Proteobacteria,Gammaproteobacteria,Pseudomonadales,Pseudomonadaceae,274199,6666842.209919,71,5930576,syringae,syringae
Pseudomonas syringae kctc 12500 AYTM02,Pseudomonas,Proteobacteria,Gammaproteobacteria,Pseudomonadales,Pseudomonadaceae,274133,6666843.209919,2,6150048,syringae,syringae
Pseudomonas syringae pv. Actinidiae icmp 18884 AOKO01,Pseudomonas,Proteobacteria,Gammaproteobacteria,Pseudomonadales,Pseudomonadaceae,272531,6666844.209919,50,6468220,syringae,syringae
Pseudomonas syringae pv. actinidiae ICMP 18884 NZ_CM002751.1,Pseudomonas,Proteobacteria,Gammaproteobacteria,Pseudomonadales,Pseudomonadaceae,216817,6666845.209919,1,6512755,syringae,syringae
Pseudomonas syringae pv. Atrofaciens str. Dsm 50255 AWUI01,Pseudomonas,Proteobacteria,Gammaproteobacteria,Pseudomonadales,Pseudomonadaceae,272523,6666846.209919,669,5777269,syringae,syringae
Pseudomonas syringae pv. Avellanae str. Ispave013 AKCJ01,Pseudomonas,Proteobacteria,Gammaproteobacteria,Pseudomonadales,Pseudomonadaceae,273946,6666847.209919,317,5975428,syringae,syringae
Pseudomonas syringae pv. Coryli str. Ncppb 4273 AWQP01,Pseudomonas,Proteobacteria,Gammaproteobacteria,Pseudomonadales,Pseudomonadaceae,273777,6666848.209919,93,6096328,syringae,syringae
Pseudomonas syringae pv. lachrymans str. M301315 AEAF01,Pseudomonas,Proteobacteria,Gammaproteobacteria,Pseudomonadales,Pseudomonadaceae,216843,6666849.209919,791,6759945,syringae,syringae
Pseudomonas syringae pv. Maculicola JYHH01,Pseudomonas,Proteobacteria,Gammaproteobacteria,Pseudomonadales,Pseudomonadaceae,272320,6666850.209919,138,6058456,syringae,syringae
Pseudomonas syringae pv. Panici str. Lmg 2367 ALAC01,Pseudomonas,Proteobacteria,Gammaproteobacteria,Pseudomonadales,Pseudomonadaceae,274760,6666851.209919,148,5993579,syringae,syringae
Pseudomonas syringae pv. Papulans JYHI01,Pseudomonas,Proteobacteria,Gammaproteobacteria,Pseudomonadales,Pseudomonadaceae,272530,6666852.209919,182,6112377,syringae,syringae
Pseudomonas syringae pv. Persicae LAZV01,Pseudomonas,Proteobacteria,Gammaproteobacteria,Pseudomonadales,Pseudomonadaceae,274229,6666853.209919,201,6341226,syringae,syringae
Pseudomonas syringae pv. Pisi str. Pp1 AUZR02,Pseudomonas,Proteobacteria,Gammaproteobacteria,Pseudomonadales,Pseudomonadaceae,277085,6666854.209919,256,5949520,syringae,syringae
Pseudomonas syringae pv. Syringae JYHJ01,Pseudomonas,Proteobacteria,Gammaproteobacteria,Pseudomonadales,Pseudomonadaceae,277678,6666855.209919,24,5983849,syringae,syringae
Pseudomonas syringae pv. Theae ncppb 2598 ATDJ01,Pseudomonas,Proteobacteria,Gammaproteobacteria,Pseudomonadales,Pseudomonadaceae,277109,6666856.209919,532,6210320,syringae,syringae
Pseudomonas syringae pv. Tomato JRRA01,Pseudomonas,Proteobacteria,Gammaproteobacteria,Pseudomonadales,Pseudomonadaceae,272266,6666857.209919,96,6259449,syringae,syringae
Pseudomonas syringae pv. tomato str. DC3000 NC_004578.1,Pseudomonas,Proteobacteria,Gammaproteobacteria,Pseudomonadales,Pseudomonadaceae,216844,6666858.209919,1,6397126,syringae,syringae
Pseudomonas syringae pv. Viburni JYHK01,Pseudomonas,Proteobacteria,Gammaproteobacteria,Pseudomonadales,Pseudomonadaceae,273715,6666859.209919,265,6492303,syringae,syringae
Pseudomonas taeanensis ms-3 AWSQ01,Pseudomonas,Proteobacteria,Gammaproteobacteria,Pseudomonadales,Pseudomonadaceae,273938,6666860.209919,19,5460249,taeanensis,taeanensis
Pseudomonas taetrolens JYLA01,Pseudomonas,Proteobacteria,Gammaproteobacteria,Pseudomonadales,Pseudomonadaceae,273957,6666861.209919,24,4921904,taetrolens,taetrolens
Pseudomonas taiwanensis dsm 21245 AUEC01,Pseudomonas,Proteobacteria,Gammaproteobacteria,Pseudomonadales,Pseudomonadaceae,273812,6666862.209919,73,5412748,taiwanensis,taiwanensis
Pseudomonas thermotolerans dsm 14292 AQPA01,Pseudomonas,Proteobacteria,Gammaproteobacteria,Pseudomonadales,Pseudomonadaceae,272646,6666863.209919,77,3748729,thermotolerans,thermotolerans
Pseudomonas thermotolerans J53 AZUT01,Pseudomonas,Proteobacteria,Gammaproteobacteria,Pseudomonadales,Pseudomonadaceae,216822,6666864.209919,64,3753103,thermotolerans,thermotolerans
Pseudomonas tolaasii 6264 AKYY01,Pseudomonas,Proteobacteria,Gammaproteobacteria,Pseudomonadales,Pseudomonadaceae,274017,6666865.209919,688,6233813,tolaasii,tolaasii
Pseudomonas tolaasii PMS117 AJXG01,Pseudomonas,Proteobacteria,Gammaproteobacteria,Pseudomonadales,Pseudomonadaceae,216829,6666866.209919,357,7007821,tolaasii,tolaasii
Pseudomonas toyotomiensis BBQO01,Pseudomonas,Proteobacteria,Gammaproteobacteria,Pseudomonadales,Pseudomonadaceae,272401,6666867.209919,29,5596721,toyotomiensis,toyotomiensis
Pseudomonas tuomuerensis JCM 14085,Pseudomonas,Proteobacteria,Gammaproteobacteria,Pseudomonadales,Pseudomonadaceae,530296,6666868.209919,1196,3353971,tuomuerensis,tuomuerensis
Pseudomonas tuomuerensis JTAK01,Pseudomonas,Proteobacteria,Gammaproteobacteria,Pseudomonadales,Pseudomonadaceae,273989,6666869.209919,16,3748402,tuomuerensis,tuomuerensis
Pseudomonas umsongensis 20MFCvi1.1 ARIW01,Pseudomonas,Proteobacteria,Gammaproteobacteria,Pseudomonadales,Pseudomonadaceae,216825,6666870.209919,31,6455037,umsongensis,umsongensis
Pseudomonas umsongensis unc430cl58col JHVT01,Pseudomonas,Proteobacteria,Gammaproteobacteria,Pseudomonadales,Pseudomonadaceae,273770,6666871.209919,30,6453922,umsongensis,umsongensis
Pseudomonas veronii 1yb2 JGYI01,Pseudomonas,Proteobacteria,Gammaproteobacteria,Pseudomonadales,Pseudomonadaceae,277284,6666872.209919,115,7649075,veronii,veronii
Pseudomonas veronii 1ydbtex2 AOUH01,Pseudomonas,Proteobacteria,Gammaproteobacteria,Pseudomonadales,Pseudomonadaceae,272237,6666873.209919,63,6680036,veronii,veronii
Pseudomonas veronii JXWQ02,Pseudomonas,Proteobacteria,Gammaproteobacteria,Pseudomonadales,Pseudomonadaceae,272510,6666874.209919,2,6649820,veronii,veronii
Pseudomonas viridiflava JXQO01,Pseudomonas,Proteobacteria,Gammaproteobacteria,Pseudomonadales,Pseudomonadaceae,272409,6666875.209919,73,5992488,viridiflava,viridiflava
Pseudomonas viridiflava ta043 AVDV01,Pseudomonas,Proteobacteria,Gammaproteobacteria,Pseudomonadales,Pseudomonadaceae,273622,6666876.209919,545,5946509,viridiflava,viridiflava
Pseudomonas viridiflava uasws0038 AMQP01,Pseudomonas,Proteobacteria,Gammaproteobacteria,Pseudomonadales,Pseudomonadaceae,272781,6666877.209919,201,5910810,viridiflava,viridiflava
Pseudomonas vranovensis dsm 16006 AUED01,Pseudomonas,Proteobacteria,Gammaproteobacteria,Pseudomonadales,Pseudomonadaceae,272834,6666878.209919,42,5696307,vranovensis,vranovensis
Pseudomonas xanthomarina CCYE01,Pseudomonas,Proteobacteria,Gammaproteobacteria,Pseudomonadales,Pseudomonadaceae,272331,6666879.209919,73,5051972,xanthomarina,xanthomarina
Pseudomonas xinjiangensis NRRL B-51270,Pseudomonas,Proteobacteria,Gammaproteobacteria,Pseudomonadales,Pseudomonadaceae,530281,6666880.209919,1,3536992,xinjiangensis,xinjiangensis
Pseudomonas yangmingensis DSM 24213,Pseudomonas,Proteobacteria,Gammaproteobacteria,Pseudomonadales,Pseudomonadaceae,530321,6666881.209919,49,3140664,yangmingensis,yangmingensis
Pseudomonas zeshuii KACC 15471,Pseudomonas,Proteobacteria,Gammaproteobacteria,Pseudomonadales,Pseudomonadaceae,530566,6666882.209919,39,5338936,zeshuii,zeshuii
